{
  "project_info": {
    "project_number": "1057119812318",
    "firebase_url": "https://onboardingscreen.firebaseio.com",
    "project_id": "onboardingscreen",
    "storage_bucket": "onboardingscreen.appspot.com"
  },
  "client": [
    {
      "client_info": {
        "mobilesdk_app_id": "1:1057119812318:android:771b29cbb1cae022",
        "android_client_info": {
          "package_name": "com.example.shishir.onboardinggscreen"
        }
      },
      "oauth_client": [
        {
          "client_id": "1057119812318-61np9ksasg2rmr676aj666hs7mhrljg5.apps.googleusercontent.com",
          "client_type": 3
        }
      ],
      "api_key": [
        {
          "current_key": "AIzaSyCFtf9Yld7itKdfBboAHKNVV9-QySi7GhU"
        }
      ],
      "services": {
        "analytics_service": {
          "status": 1
        },
        "appinvite_service": {
          "status": 1,
          "other_platform_oauth_client": []
        },
        "ads_service": {
          "status": 2
        }
      }
    }
  ],
  "configuration_version": "1"
}